x,y,z,roll,pitch,yaw,label
0.011082972270947343,0.08724866356176575,0.3368184764486542,-3.062719725352676,-0.2390808430881149,-1.5930746690920803,1
0.1677790987657588,-0.19613564543888085,0.20290841247499553,2.1167974626256236,-0.7041549116431767,-2.739234921528865,0
0.2156528756953462,-0.10554841274796349,0.2298704249472745,2.6353999707197793,-0.6809987973653501,-2.941126276524558,0
-0.15829083785788017,-0.23357071934792775,0.1519251181679072,-2.1961335487868547,-1.200645433005837,0.0039913923415544755,0
0.25842182546579556,0.11850488174993559,0.1457849316143186,2.034904131527978,-0.852145930766315,-1.4956029261706145,0
0.18202320006718398,-0.12392048949469085,0.2537431395671965,2.334990416738527,0.23338817376342574,-1.9417543881155157,1
-0.21289131560376992,0.1850963578669491,0.15206187361050316,-2.0172325517581466,-0.029117614404550428,-2.1938596810085365,1
0.21877778947856932,0.17488285011661636,0.15748147545488894,-2.11210000142201,0.7561936296131164,1.889601589182442,0
0.037954122390104636,0.04903006362724939,0.34352263533551347,2.956936522782145,0.12524326992962945,0.33320790183933136,1
0.26039668180166187,0.07665485258771684,0.17774036825310718,-2.9998247306105776,-1.0748539594145192,-3.083459433657324,0
0.08708605080096907,0.1487948593106627,0.2955119337193431,-2.982927144815916,0.7334472484363794,1.42885705098156,0
0.06584689350398257,0.017996271975223698,0.3421306570883462,3.0627757018263746,0.2598538570162382,-0.47653171633236496,1
0.24898620717307524,0.10702963000254717,0.17864885129329494,-2.3786224738991066,0.8671396940142168,1.2471140980331707,0
0.044249390570182255,0.26009529206202936,0.19280206749671075,2.1693526125313567,0.5406512353272456,0.18100461936530451,0
-0.018388483287870436,-0.2806257710382566,0.1544559252103762,1.8870651368888645,0.044194915529706225,3.0658885805559195,1
-0.1876902258366149,0.20414309525805324,0.16444638825171326,-2.6153842236764375,0.9743674180486827,2.920873747576788,0
0.17490355900450172,-0.23227793938360522,0.12386273704152176,-1.9232425958487496,0.7356746628355703,0.5334876497869585,0
0.010254878509051178,-0.032744601851428114,0.3480312542609517,-3.055543342770557,-0.06799485360149553,2.1915084154483115,1
0.2680443232165516,-0.04755168019107929,0.17605982112626578,2.3633565234177123,0.9231390539343535,-1.1073005126745312,0
0.06547739657101397,0.016090140968747394,0.3423248499561541,-3.1051076665619224,-0.11292838465996166,2.9659445789869423,0
-0.17508628085085734,-0.14638359777382576,0.24472194678722142,-2.319144459517495,0.28666791601537683,-1.3245962917287017,1
0.18593923190910536,0.06737352729692214,0.2755823793132407,2.7166385587298425,0.6008673831025962,-0.3097312010935458,0
-0.05702560698387366,0.28339400453221575,0.13022417555397647,1.69747460247524,0.017921540779358373,0.11007866096446482,1
-0.14566424373396264,-0.16294863104294785,0.2554985930332419,-2.69708680590314,0.5616277267350883,-1.6877412651467478,0
0.09686433489968664,-0.1656455296458013,0.28060541869783395,2.4736144499952015,0.1909606241496085,-2.385027299474044,1
0.02008507599811387,0.18672157582781515,0.2839479490026092,-2.79854012271984,-0.5979598039393885,-2.2269445467723012,0
0.025992105934983637,0.11790528558122493,0.3246320339309935,-3.0258892133135293,-0.4056399364686462,-2.055642442698275,1
-0.08962510098453008,-0.21571296487458044,0.2382425511369063,-2.4629709384132052,0.7823915887032997,-0.988541544719304,0
-0.09723326274187605,0.1448951012381599,0.2940309452789803,-2.3701409200468238,0.03295841536455034,-2.495582793749693,1
-0.11468181331949277,-0.09257818642565484,0.31129937063048907,2.6048362595455683,-0.20077577190757986,2.0158370754504564,0
-0.07501412542577023,0.034448369204119554,0.33842016372955525,-3.1312245194881774,0.22895708769278678,2.9505610285297132,1
0.010485143811324517,-0.058103381908910574,0.3441327230520316,-3.0485589751387363,-0.12091121077657072,1.6996591697342134,1
-0.09479551013758375,0.19999712444743234,0.2525215086614593,3.0002548316409685,-0.8909833072323662,-1.0189002687564368,0
0.284563156143667,-0.0606446360360266,0.12311660745420883,-2.184782551551035,1.163722611317025,0.7386205759896818,0
0.09702514821579482,-0.25385464404643804,0.1770588065021833,2.1075889184640006,0.4332159448619016,-2.3737326365958658,0
0.17631342895833513,-0.22758609808247648,0.13436908633230238,-1.8085008019938553,0.04816936702327932,0.7858857217501446,1
0.00753302940740881,-0.12945474746922211,0.3205267488172418,-3.019873411808756,-0.4433475354913915,1.199135980044569,1
0.165743837837981,-0.07727127439837478,0.28781953320025694,-3.0223786294574118,-0.7722259248590029,2.4516794587343402,1
-0.05948249481932442,-0.014980207501762353,0.3436620952613278,2.9849694729848184,0.10133104051779136,2.6686892637346853,1
-0.2077977372980807,0.1892797253122551,0.1548488719992499,-2.816599789418421,1.1011420360452027,2.750453781970219,0
-0.05459151810411053,0.12276643337274287,0.3182315585236466,2.7456059346176747,0.21818762112000264,1.0625385018318265,0
-0.02534214394488066,0.05611573123907588,0.3436133519576055,3.050637583551033,-0.22539648762947687,-0.4965002466707638,1
0.17666007980878337,0.07031181826853992,0.2820505643469244,2.69087215892691,0.4821418427188205,-0.5918097581455795,1
-0.18826386343297388,-0.0791799538045232,0.26974360659824476,-2.633238213507574,0.5402096271458093,-1.899973771392816,1
0.06930942483735239,0.2803137737951102,0.13136579041255092,-2.097482238939083,-0.9508274582004476,-2.881301774346855,0
0.10998241171707356,-0.01415930827251237,0.328753265634934,3.049162873233427,0.26515033267930405,-0.33331821510139714,1
-0.03284789411847973,0.054499007100689535,0.34317379500395345,-2.9612378747466326,-0.32391834033456307,-1.4269524347447353,1
0.11254110648310796,0.1900859243882848,0.25298236549269254,-3.0571739894478167,0.9474061499426223,1.1476732406358279,1
0.12964269409327017,0.2263899725973475,0.198122760491462,-2.0536344542235248,0.07622352915721876,2.622738209577737,1
0.12692837261503043,-0.24658529159036713,0.16438916992702424,2.4847846218462393,1.1148556648862529,-1.6781266018418382,0
0.07961475419146519,-0.15529831179254694,0.294016239765753,3.0337571720430216,0.6393134324620484,-1.4307937370783097,1
-0.18620438456881075,-0.2167975507396238,0.14125102279235377,1.8751889904989723,0.3964071793915522,2.6172752146664235,1
-0.27189258148535345,0.028147552072058327,0.17362095067415234,-1.9341301183712423,-0.10806767092083115,-1.736323523852816,1
0.039299203828932504,0.12764417261959723,0.31863085782290623,2.956771949152092,-0.5667255193002122,-1.4951230197884366,1
-0.07581779585528348,0.23868988410224715,0.2151629530460823,2.1506859992323712,0.5612414450384504,0.6563500624749147,0
-0.23341670935978975,0.17134717867602728,0.128465177954383,-2.7379577731277065,1.268562891950687,2.9745567905955324,0
0.041019609167179706,0.13399786210529258,0.31525829791918447,2.8199680711832826,0.48002233330809835,0.5937359193002536,1
0.12499831248257881,0.06176079422965234,0.3156332550202066,-2.6920337659877323,-0.4051826784002222,2.789164497739267,1
-0.24227232024363343,0.16198512085043754,0.12116841621699503,-1.9548152361711588,0.2800870801954458,-2.305141108882639,1
-0.2132728112104084,0.19232280698363358,0.1367562442268308,-2.026042183740611,1.0878430048556413,-2.5746311761285843,0
-0.2662301454173906,-0.10388842587393529,0.14126173700117098,3.087798864868744,-1.1746603847057289,0.44013557209844256,0
0.2428745826544439,-0.02153123841273713,0.22478084240798124,-2.2254876790861355,-0.12888708108436317,1.6141426336800657,1
-0.14484015309571635,0.14895693778353666,0.26640970573742995,3.01865686155799,0.7643388182934229,2.138639440268784,0
0.07313479849917887,0.2694404057881079,0.1597869253473484,1.9057327822543049,-0.15615593768721547,-0.2381936537071575,1
0.19923683621707147,0.0012151786399846843,0.2742837631998464,-2.3963399322945595,-0.039092527138364745,1.6305885990988906,1
0.02715967980183426,0.18502904063596878,0.2845775051329408,-2.63956957912844,0.06928613551634,2.873840250462613,1
-0.20047760782594554,0.022541612227649593,0.27203739432484036,2.4300662254233396,0.12043046421842551,1.5777602189959599,1
-0.13709377400986947,0.038311995197338466,0.31407856435487136,-2.777834030633774,-0.4659560367313134,-1.2483976541911843,0
0.06829388373541756,0.02874771318840812,0.34070520193276604,3.0623406270138642,-0.17003556752098953,-1.967266015490328,0
0.018782279853384955,0.28535721829479277,0.1406558543645535,1.962619520971616,-0.81267688204567,-0.4392620782917901,0
0.24589508841353602,0.09922488699069623,0.19032115769114377,2.968128959643598,1.1298195056424234,0.10565624194706714,0
0.16895399441258216,0.11953773567599144,0.26717568354097554,-2.682869347114744,-0.7231634580488997,3.0451284199900015,1
-0.22278234633133423,-0.11066095661958233,0.21769668703687733,-2.6257373619867748,-0.8819757851488984,-0.1819851555334578,0
0.013731811224808852,-0.20032269296347252,0.2728951682839907,2.382583735220641,0.30680750294427633,-2.5835328126898567,1
0.20062281448010863,-0.04406041272581418,0.26865307301867686,2.2994416066219814,0.24815586818907356,-1.7316966451545457,1
0.27479186357100066,-0.05869003769613712,0.15509477242185998,2.0674812046231263,0.7318799097964285,-1.4376475324314297,0
0.2218034915215743,-0.16280972913255412,0.1695667313621279,1.9984681163234235,-0.7502302687966611,-2.644017068132879,0
0.03950533778500325,-0.061236038838239776,0.34101456292408183,-2.8649069973177936,-0.07712219748336326,0.8104594707812173,1
0.055904724417946694,0.2650916343412183,0.1788452063138371,-2.150145878578621,-0.8428380159729933,-2.9663894988969695,0
-0.16561713522143331,-0.1668735790313575,0.23634423291937623,-2.5279989480546763,0.7868025294222546,-1.73827974305924,0
-0.22831339781503598,-0.05315696271415583,0.2372093205296119,2.347323017710565,-0.21867571001237382,1.4739759373123775,0
0.23161808346511256,0.1598590548299504,0.1539141280135818,-1.9374612683899928,0.14285070994637034,2.0874376733303595,1
-0.13518411602443162,-0.16669814758049295,0.2596115034246098,2.350805818971268,-0.09318140880871194,2.450324643652844,1
-0.13860925840857363,0.1978321868423758,0.22790418582087546,2.7117128624566025,-0.7225746246061289,-0.18654289924669668,0
0.1849937959223881,-0.03830866400997119,0.2830445059039088,-2.8313064285148433,-0.6772178114519721,2.540156332283131,0
-0.2071126706128334,0.07325545662601733,0.2542987512104116,-2.439758701145605,-0.5259640174953688,-1.453926904552005,0
0.19173417506093662,0.035844295578914026,0.2779324298737535,2.5991788174395274,-0.19417605502008153,-1.6337087917063087,0
0.19441610260008058,0.1884447444201281,0.1791934880333662,-2.0391719784307565,0.2022766090652199,2.36972462851532,1
-0.1579624400566633,-0.08258177685158827,0.2913050303316935,2.7929950446901968,-0.6059083226875703,1.021936913548436,0
0.11937638518175366,-0.03348973174554793,0.3231807396734785,-2.5964371922078926,0.04402766623715005,1.1028638927376384,0
-0.09909662130921401,-0.03833704878742692,0.33055325757397414,2.9134514577788155,-0.23057458258583724,1.1960601125930386,0
-0.22047617123662602,-0.17889772096906728,0.14688066550613535,-2.830020469168394,-1.2536766064546845,0.34756439171124864,0
-0.05296172903872476,0.09375632011055574,0.3300085850408085,-2.9101442392112533,0.2718500177528735,3.0056531905918207,1
0.17079146809074544,0.11826288529673117,0.2664351274370685,-2.599742394227074,-0.6243129966107687,2.9768834184462856,1
0.05414387150311317,0.24556997079104034,0.2135965483264911,-2.6354927436754805,0.8728066520581937,2.0404201580804204,0
-0.1545818702023801,-0.07330516239745936,0.2964361957396206,-2.621753410186918,0.3268126989153529,-1.6239072985361824,1
0.08255360415392717,0.27064789939718054,0.1496725488441544,-2.1450478998303373,0.9248231397342823,2.342739775515605,0
0.07824863383392677,-0.12171319552024243,0.3127984956946582,2.745318521913606,-0.235774986078799,-3.0189395879186898,0
-0.0771821077284282,-0.22176697427103004,0.23671457192535778,2.3965743248637765,0.14727292313891305,3.0589906479421423,1
0.011143420095182226,0.12747434715269854,0.32134132565198315,2.8263464117008983,0.3178604544133373,0.674638265752535,0
0.03668273467112686,-0.19913734797213128,0.27135648537974666,-3.0014785819301673,-0.7231467377373965,1.5604059410174873,0
-0.08311180605951868,0.2156260366503807,0.24130561939465767,3.1415354593052762,0.7392524657056175,2.0116089904451053,0
0.24195651246306848,-0.13080078783208732,0.16978397212988988,2.308544781991577,0.938601875071009,-1.5255147845860577,0
-0.2592787207209674,0.1321111420518761,0.12294649496067356,1.77207210082121,0.9092811559849645,1.1750470565996098,0
-0.06363071734974024,0.15273604747521433,0.3002455426400369,2.58803847705101,0.17992311434297967,0.6788140822762395,1
-0.11151493130377736,-0.2649338930732301,0.1358746318616626,2.466960047107421,1.2959598562294008,-2.5917468169998434,0
-0.07978795036293052,-0.25077714722637595,0.19403022393193414,-2.4250336407363946,0.7405074998785192,-0.9909354218609604,0
0.17714465789308093,-0.22806268515028527,0.13128457308730337,-1.825795645152762,0.2194992987319706,0.6359211539585897,1
0.19747459818480195,-0.026073935014392015,0.27432996452684666,-2.887906837949221,0.6924519014225544,0.14088846071283773,1
0.13721987087082618,-0.22831153183355715,0.1880019980652759,2.08236685983043,0.18939410052254915,-2.481909363638284,1
-0.15799487145567007,-0.21740298035907993,0.1833175334481395,-2.350684579058567,-0.7012198169693276,-0.191163989785323,0
-0.03673549538153635,0.13441272266885068,0.3156759743819899,-2.9474008751502723,-0.49402272119997076,-1.8015721417633546,0
0.08208761915040612,-0.13848810633962497,0.30314554545692207,2.7686270346776554,0.4498851635962149,-1.73941455117382,0
-0.16837267636152267,0.1875583809085929,0.21270370495414392,2.315792383129525,0.5324825660676952,1.285183866262634,0
-0.026995195215300832,-0.09834903502821689,0.3321324631167182,-2.7993501322578043,-0.1398097649391331,0.01053278204382488,0
0.16886933308164778,0.024254182835473606,0.29676888572010635,2.692855489356164,0.15911178851212648,-1.277969861805594,1
-0.1657328232083807,-0.21562715351478334,0.17663949612380675,2.176822733793554,0.7196258055847904,2.9175856500975805,0
-0.259106713675932,0.10511882143137373,0.15869104981063317,2.25545917870129,0.6742901221702121,1.6039379855236293,0
-0.025360670524940305,-0.0395948987362683,0.3462922212691215,3.0784451100671197,-0.09375637161067882,1.8358177838062468,1
-0.11563301177332465,-0.2139233444961339,0.22568667925548186,-3.0985651574640696,0.8636076456289391,-2.099850075084461,0
-0.019578850651699894,-0.2865627017666941,0.13659380210691277,-1.94880798912754,0.012151219261352875,-0.054510369548121725,1
-0.11982778991954356,-0.2585667524166725,0.1437258518643226,1.9835984589760856,-0.1450654536007853,2.641642700145886,1
0.18287523430595493,0.05319509341387913,0.28179070454664645,2.6345092418412763,0.5321211140084681,-0.3949079334370729,1
0.250093853787389,0.10634190578692441,0.17706086483011574,-2.2488260733335603,0.4746219155919198,1.6015822857669866,0
-0.019998792390334856,-0.1546236563697492,0.30630367378127454,-2.7551349681158523,0.5128107875190705,-1.251901933228175,1
0.18439491845850034,-0.0994153598399818,0.26474426715181465,2.558985495451465,-0.5868546610371654,-2.706977941001049,0
-0.12040585685730285,0.09788790755554187,0.3067496585954037,-2.6593932625516006,-0.3008522383158895,-2.057145623503937,0
0.13080220439320844,0.08667751517586109,0.30569081267972004,2.6115724114098176,-0.04235270770543908,-0.9654256942703534,0
-0.18327372991005164,0.19600247099143903,0.18414086361026438,-2.19937274778149,0.6979123129725247,-2.8350144028919826,0
0.27484957791880005,-0.04925278516938303,0.15968989320313892,1.949287457361702,-0.3851509836152322,-1.8163835495895233,0
0.006704525878253374,-0.14167128316560942,0.3143563822928388,-2.6996208905145784,-0.19560706044202972,0.4932323380503552,0
-0.06067750556714416,0.045871666509060924,0.3401965377633418,3.093593429090919,0.2274316763377247,2.5185914651990093,1
-0.2343561761352904,0.09168773966170159,0.2133111787446676,-2.1576598170359715,0.1592189953687806,-2.0456017728480362,1
0.054642178414294355,0.22414321675245377,0.2417656140240031,2.979431503515286,0.9178966054902219,1.3227655927007929,0
0.012448387032675435,-0.19517602914214932,0.2774892421821032,-2.567768693733072,-0.05691819427893227,0.017730911464075745,0
-0.09103927452032635,-0.1488621655820797,0.29403259239910173,-2.7506632137734566,0.28037893082129506,-1.0977491861121287,1
-0.11647921092110312,0.2141444085522863,0.22485641454916272,-2.376902206469676,-0.5239503088486078,-2.351502855968046,1
-0.2067714693660093,-0.12808597399561641,0.2256119093963042,2.796563478760411,1.006738263675602,-2.881694701685907,0
-0.09173494958460783,0.141594455366169,0.29806392166993456,2.676801806065327,-0.3168267433322224,0.11030152951055387,0
-0.08922679385107941,-0.0808309026607387,0.3247816304524506,2.601299324857109,0.15126010143858043,2.4061925833227815,1
-0.1987037676403326,0.19587422278230926,0.16022749917766876,2.317344084261519,0.9376271058235527,1.3328179289992674,0
0.07228222215981966,-0.24544859193999305,0.2066214195897651,-2.3456812371670654,0.6304861299200369,-0.31556908192999605,0
0.22543602086504783,-0.11858427881883872,0.2084814478528943,2.1168008328709074,-0.008781520262041763,-2.172091757600328,1
0.2771744094514855,-0.06297365701361629,0.1459617906645748,-2.244739862186217,-1.03517724050991,1.964981982043484,0
0.1758004773252259,-0.2162379567417782,0.16106456787096232,-2.3892413382619107,0.9622684258346185,-0.025202923160075906,0
-0.14351756445285077,-0.20894845276955581,0.2104470404174864,-2.31718197541038,-0.8156803835746397,0.14526892166562091,1
0.2621377857522711,-0.0894772018222995,0.16522851919098794,-2.4054392667216558,0.972880225715265,0.42686070023457096,0
0.1335771168387227,-0.2260223430336044,0.19515872108369464,-2.0344803333001025,-0.21188578759660123,0.6672165273023727,1
-0.2551540855994207,0.10679133080105153,0.16615508713639648,-2.0828218732215977,0.2414334883433401,-2.1147570358900056,1
0.2645675317767286,-0.019687573108564674,0.1900586327031098,2.408200847948675,0.8760759238028833,-0.9530496232803842,0
-0.2758162288549099,0.08143764593831385,0.13540092343928006,2.6006074468647027,-1.2464891727030885,0.2568945651051111,0
0.03531899011711885,-0.049533405037821936,0.3437669326565976,-3.04284430267888,0.20353436245980033,0.3106016803808302,1
-0.016921376800449472,0.09985277058506337,0.3323881924119064,-2.8871651199987585,-0.13663828162994493,-2.7174098633512296,0
0.03375810093983067,-0.031010684166910208,0.346477196574098,3.1038464031075734,-0.1122230142979682,3.0611327668194215,1
0.18834052694143918,-0.026556177879459863,0.2819970157735989,-2.3447656049337224,0.2951136793068012,1.109763842032279,1
0.22977723312266413,0.0038800511689588584,0.24284026639013728,2.3621119871718834,0.11172055197322478,-1.5883884431049589,1
-0.07210548428527984,-0.14976526828913012,0.29974219417285125,3.018298115174788,0.5879048639369242,-2.2799287632772707,1
-0.2327393807188443,0.16173196965543019,0.14836234367878717,1.8793864407122896,0.957584818558989,1.280253207333806,0
0.008969419505711848,0.1929075155279424,0.27957839612334434,-2.912901566247903,-0.6354981438357423,-1.955146470321833,0
0.10772274190878102,0.253026154830168,0.1698898488092882,-2.033249241015969,0.461560583133824,2.5213434804510353,1
0.06649344803725249,-0.06534689815115234,0.3351462857379351,3.091062215293781,-0.3038045701232997,2.5286801024996803,1
-0.2381809708979774,-0.03479431473054596,0.22905077705647792,2.3827097429736823,-0.5325323994594569,1.1775816538925454,0
-0.25013407588851266,0.13953142503933208,0.1392408286934464,1.9820505189102706,0.26582895526978223,1.1548459240686013,1
-0.04934918534773303,-0.2590133819939894,0.1930969107058249,-2.010060293345412,-0.07129859120840239,-0.2077356092371518,1
0.008076029138699259,0.2084576275834485,0.2655926604864627,3.1324929340071637,0.860513850329149,1.4581373170395,1
-0.16906981052944345,-0.21182384051863837,0.17863148819582453,2.111443019990214,-0.8791730373850808,1.9006226423064716,1
-0.1825168973486624,-0.07285406216060858,0.27667127698258553,-2.6765296762119557,-0.5612172075436673,-0.559063120812854,0
-0.021626011902747787,-0.06073123328438023,0.34299152361960983,2.988377650872004,-0.12409393585641706,1.4707934136035206,1
-0.19853609214361853,-0.16023605962578702,0.20782213188251458,2.1639060835776904,-0.1350273302055205,2.319310880417254,1
-0.20990314252341033,0.19872923065967513,0.13029547708439454,-1.7991557789376666,-0.2782721462263821,-2.1157639034595626,0
0.034310983656974825,-0.28055837139262774,0.1505472856023829,2.0734807764731094,-0.9600476816066299,2.8650364742537846,0
-0.09519616757392854,0.2685290446729859,0.14396723815378465,-1.9504690438344312,0.5299626218191344,-2.8936800245462546,0
0.0777876104661553,-0.11630360771739963,0.3153724900774059,2.6052287625263766,0.12924160480926103,-2.1805043357905904,1
-0.002694823547213009,-0.28391664191745214,0.14687145280404673,1.8541237485076412,-0.15188423474882165,-3.1184294494738043,1
0.207078921997155,0.18131475737701627,0.1693452086252729,-1.9888007620295574,-0.26809357459639466,2.410786560814059,1
-0.22716157113330715,0.09796533161130554,0.21970684842555516,-2.1194981851698316,0.22001812886253894,-1.9783520907606944,1
0.22049241479925186,0.01594152748559752,0.2528027680220874,2.560480805771775,0.6424763222304563,-0.6469908776898594,0
-0.15200124562663098,-0.18714069828126698,0.22853285516888033,2.5746275764831226,-0.588885855720195,1.8503040311904426,0
-0.26087909880328686,-0.11799795781111624,0.13954651171313656,-1.97977748522137,-0.7459001392259634,-0.8157625225587574,0
-0.07921572579848334,-0.07736088601983021,0.32881922835494387,2.856939596422898,-0.3384794697650198,1.5402368832347035,1
-0.018715658246795542,0.16257751694422712,0.3014324464356951,2.7746592180319496,-0.6624200521429154,-0.89243714703029,0
0.2160924525665825,0.1336708415415825,0.20948717210272566,-2.1416610711882087,-0.24243280210152543,2.2869259903119192,1
0.07716522824352547,-0.2796930971890588,0.12627121957144982,-1.8213929393681916,-0.04649580261021814,0.3271597655942275,1
-0.22929049896933487,0.17728539663346501,0.12743226215802061,-1.797210300814479,1.0215095458835561,-2.322675781381502,0
0.006669453976624781,-0.27088983226153246,0.1787408915650831,-2.125950703142414,0.14692364346179462,0.05708098951910038,1
-0.28738306029711286,0.0352480420590053,0.1285401310494996,2.750178635393816,1.335171308533338,2.6290440535109147,0
-0.06790462276591808,0.2824525722729152,0.12489663960039843,-1.902733164754299,0.6653034363911245,-3.133112194589168,0
-0.24915489550030984,-0.10848941961184777,0.17709006208399652,2.136187009320004,-0.06131825797319031,1.9013186282828944,0
-0.0992547165635909,-0.10730359400202648,0.3119817550023847,2.7259970057877987,0.3125357992078432,2.763614347280905,1
0.27224804444386175,0.023255471650570844,0.17385550183501164,-2.187176861504152,0.8771885607886075,1.2440746749396483,0
-0.27647357124356536,0.04113822905334576,0.1589495778522507,-2.3953720890066403,-1.0277445544638,-1.0184225970163325,0
0.2523539657120099,-0.018654516356163588,0.2111505042155914,2.8395943807499484,1.0208040825360485,-0.4919652890142419,0
-0.21661409125039308,0.14278808234274984,0.2006316666994244,2.671052287393476,1.0420059933686239,2.0051992481260217,0
0.1988676625548166,-0.0030808010476617935,0.27459332460001634,-2.975501739258222,-0.7494769626183511,2.8636494158363233,0
0.10391924590550095,-0.2311046723716269,0.210597075746836,-2.1596341929560183,0.28552918942266703,0.4181956962421274,0
-0.24339952142562882,0.11986336260861172,0.17802127664545186,2.4211736352181883,-1.1154800745780156,0.34785242678161626,0
-0.02666493679541056,0.2730524669669271,0.17137269638997032,-2.7283720046155855,-1.1654476098727198,-1.9235711387679342,0
0.04579697863436882,-0.01591368855037435,0.34605639879030625,-3.017906345336201,-0.03586362408716541,2.3737892413056456,1
-0.033572601933698265,0.2872283944096109,0.12982937958094398,1.9974915288229529,0.590731987586652,0.22888813310110628,0
-0.12353078775871622,0.20833937038009293,0.22701652811344325,-2.245756118623292,-0.3293991453422155,-2.5136383808448826,1
0.08887560017973437,-0.12380623029152252,0.30840500195177045,2.9954188359302725,0.3345017671258245,-1.3590156499895105,0
0.0113419847227242,0.25066016236270394,0.21444099971373437,-2.6586625108646094,0.8307194497041699,2.2521569810374853,0
-0.015751775744329975,-0.13476477395834005,0.31756370692016106,2.713078199153387,0.12884924773531894,3.0584995743521914,0
-0.2688397208603901,0.06508752473832977,0.16614137338237756,2.195418877343968,-0.9649435753678112,0.7905641568258086,0
0.007375404154349183,0.08129450529948377,0.3386811507904044,2.9652741520546817,0.33970961390897714,0.8862732030257664,1
0.020049828809955757,0.22728195664204418,0.2447842820908695,-2.5228110112177866,0.6600570243582051,2.3262615791612036,0
-0.1006122539995198,0.271134591855203,0.12976971508441396,-2.266850382797878,-1.206507629080424,-2.0250650751075465,0
-0.05656747921427377,0.14017629226250164,0.3091345738856172,2.8441593595386285,-0.49921444169343426,-0.8009959561279973,1
-0.06973167372700542,-0.213271310443887,0.24913021322937823,2.687892613591879,-0.8042543328671292,1.798631948898958,0
-0.136394597490079,0.22016834912746797,0.20140149212608416,-2.2807799785690697,0.4487783671985366,-3.102946629002015,1
0.005145972851419704,0.2845750078611934,0.14481868942468135,2.127965588477301,1.032380154355138,0.6085200487895792,0
0.1956200320956822,-0.14404486520209162,0.22602238451911594,-2.757472010015206,0.8788503495151158,-0.15583135624934094,0
0.10593196773539738,-0.2641640186369633,0.14484613576354505,2.1786893081404313,0.866550311919344,-2.320907032949516,0
-0.1326972142929227,0.07487322175206296,0.30842881028121566,-2.799994237512789,-0.3317907440604443,-1.496364673349576,0
-0.03743950482774151,0.08871500960305204,0.33412661006914485,-2.920417365688579,-0.13263876643826378,-2.51855923076131,0
0.22476593375566498,0.09417951567343417,0.22495854894934791,-2.2574234122921157,-0.6077045527016174,2.3370452313220706,1
-0.20261545232642028,0.09551162747134796,0.249560786469523,-2.381181848374012,-0.4952699960827579,-1.5567240854897646,0
-0.1989099820119463,0.07438678296495832,0.26189956483233134,2.9470063377615037,0.6900962899695956,2.3037805256258563,0
-0.22879421137663572,0.06016897883474216,0.23448008788627478,-2.395695219672307,-0.6426069268024096,-1.405646083801776,0
-0.25687972700284845,-0.03208807371326834,0.20160198343133218,2.350756995881894,0.7264882032655681,2.3604517849658704,0
-0.09461751758418349,0.0027959357975196426,0.3346747409048138,2.829390604207607,-0.02881399865888135,1.7554071888467209,1
-0.026998111866615864,-0.28340907500975315,0.1446065439478359,2.659717526435099,1.3874537133080844,-2.0995416826074664,0
0.06571196356962876,-0.0905306621389389,0.32836331844643085,-3.057680920264507,-0.3157276496149895,2.208167042367096,0
-0.0014716778721641933,0.29037471878951254,0.1253681421566969,1.9239149764073926,-0.7243899477824447,-0.40415541093606966,0
0.09154336372055669,0.13987516980924913,0.29910790719999153,2.7689176986894366,0.5042936922139565,0.1865242968495718,0
-0.09733246645859708,-0.12218400302201456,0.3061200116714865,-2.6916888383262374,-0.4731886719973766,0.024833670249603593,0
-0.1275943461918178,-0.13790280197271093,0.2838856558832923,2.384602895594066,0.123806739064249,2.3216475740281415,0
0.09755989918393851,0.07852686546830875,0.32260887269298827,2.737056392063862,0.17082063573418488,-0.6089294012213338,1
0.09918789072036584,-0.13596886930484545,0.29834296630749707,-2.795230869999065,0.5528880101512309,-0.5405351711056688,1
0.19805381481702097,-0.08998772368307222,0.2565838716424015,3.0173621892957523,-0.8665573296257923,2.9457856134022675,0
-0.10685646052995523,0.07982287048889868,0.3187191957972534,2.8612632484058196,-0.2636426903637992,-0.08260437788255605,0
-0.0524422021545902,-0.016917154464885523,0.3448959567677866,2.9363520512499903,-0.170655879317376,0.7287915636965971,1
-0.19431752084767048,-0.13542880036746896,0.23411882337947787,2.1914589796059394,-0.07289689519963102,2.2117629904687446,1
-0.07665838204005526,0.2651400850745851,0.1675764761746273,2.3098421422152167,-0.7346234178181058,-0.19997711197689352,0
0.1849766093253723,0.043955440388162716,0.28205941752657065,-2.4292060894310983,0.15451269678736762,1.7420908843870004,1
-0.16538306774848313,0.1380245456495129,0.2588005404694781,-2.337470435220972,-0.015149667071989198,-2.2440162381578315,1
-0.2528946842061515,-0.05876897066138478,0.2003013199798065,-2.672522858300512,-0.999091395835311,-0.30488693777029674,0
-0.07536713043453791,0.15264739275104802,0.29701936996189315,-2.992373064930827,-0.46064076195880216,-1.611808374973906,0
0.06290230033082682,0.2606190673121321,0.1846142725213223,-1.9319547954770748,0.0358269831373837,2.8417000160666506,1
0.2630177902595728,0.05684194255787089,0.18262969340694063,-2.224713939790699,-0.30821233521082014,2.0647697812402086,0
-0.061505029528770704,-0.09004327621618774,0.3294804818782885,3.0927760413490293,0.39731773397581077,-2.2195809168009246,1
0.24847150880498975,0.03823889316024865,0.2137061280528343,-2.8196758892933302,-0.9466425770220029,3.0906647240846334,0
-0.1925218227078467,-0.21884068938933882,0.12102183079059098,1.8531121477405232,-0.03044449070163246,2.3476143768224427,1
0.18450463317736412,-0.17433276789231092,0.20989410988242174,2.434121191641498,0.7479439801467223,-1.683933593922907,0
-0.13790253836185493,-0.2324561465285187,0.18018075838797748,2.261386930741829,0.7896269977132373,3.1125127961020964,0
-0.13843595502235542,0.06393188639670713,0.30835673062416413,-3.1002897629345254,0.4038360526752277,2.843753299633185,0
-0.030802244533286557,0.28886292875844094,0.12489612887731578,1.8879910485009543,0.6359561647702928,0.28974119832242273,0
-0.009629704521209353,0.11125192419170839,0.3284425940018455,3.10862692268413,-0.4720107556270168,-1.6410645225891347,1
-0.235438183201409,-0.15460890004156366,0.15327124439434991,2.0151118728231245,0.633229083366341,2.3044068740357666,0
0.11995219023416717,-0.198707029860115,0.24007100868411663,2.3580701605045067,0.6846103949029491,-2.0577944024155497,0
-0.19886506276537638,0.1487106125131436,0.21833847016439395,2.426710910434502,0.7360479599220735,1.5679009594576028,0
0.044338923950263606,-0.1771101656901258,0.2880463169892551,-2.5002081683680335,0.0456990628009454,0.1983182024002489,1
-0.22765760887062647,0.17682154939827838,0.13310326583053794,-1.8294834409713954,0.30957394250957065,-2.444694740607889,1
-0.13501466680351107,-0.18909276819953072,0.23977609112471315,2.271072550945572,-0.15119496525278045,2.3957398871284936,1
0.038270121664604306,-0.03691298157818598,0.3452504522922613,2.9752606109692383,-0.1016809084441917,-2.859624150671013,1
-0.24863034078695395,-0.07015827747113028,0.2025148181077729,2.666894243620803,0.9433666412830468,2.8151014006000543,0
-0.07733803679964407,-0.06068274201254218,0.33343682344715925,-2.6993200457031636,-0.096350040891277,-0.3668692123274987,0
-0.13852636836356172,0.09047584228536218,0.3002490104491066,-2.7498009290093446,0.5809567954448343,-2.9574111427982004,0
0.23789718522242173,-0.12417242460407658,0.1841124089381504,-2.326736097531448,0.6285785163080027,0.6817198618160893,0
-0.23683037558534772,-0.15976493983628123,0.14157803884781855,-1.9170598077440963,-0.02078579208933478,-1.05496572953933,1
-0.01791421835089208,-0.2439791254171975,0.22364696122171546,2.691339044420688,0.904276501416642,-2.0250845140421383,0
0.06811723216315604,0.023327229584608013,0.34123166559002077,-3.039087097113336,0.04239876186352291,0.9490404283985601,1
-0.16833289624429965,-0.195417101611196,0.2032194257915274,-2.136162276362642,0.42312830240955507,-0.901969266301815,1
-0.24930140425512515,-0.09276384964485142,0.18872158460560512,2.044381793746936,0.21922383276314605,2.196992449266318,1
0.025449169168645498,0.06703353892079572,0.34130541438219064,-3.1029759684291385,0.1067576092054117,0.8310766734396461,0
-0.056648578169050105,-0.17545194898022665,0.2866591477007913,2.534128845755307,0.31661783392406945,-3.031509949355781,1
0.1526740753058615,0.009945511125049794,0.3080537028177694,-2.741367755904907,0.40126784846125824,0.9013461614540337,1
-0.19319992075735484,-0.10589892763702581,0.25361534260629714,2.3191712266883218,-0.05893259124708697,2.015476106518502,1
-0.12357923651744344,0.06174059349094845,0.316301091655951,-2.689599163485228,0.32264764960146,-2.4767392885801995,1
-0.22125319569770058,0.18561257080059002,0.13120958659142984,-2.2666289310907146,1.0377419927605425,-2.9315046346756923,0
-0.2846241997485667,-0.04486076135306625,0.1335259062106557,2.0261843974871705,1.100215298189471,2.0826178424557007,0
-0.02925887509003227,-0.15136405328344904,0.30735741994757226,-2.8305673904324475,0.3474391659497067,-1.0001552192296368,0
-0.1757242110662491,0.06738751571319114,0.28362346708143155,-2.658241526426352,-0.6723900261459633,-1.1180355889739273,0
-0.1647405162222147,0.13601307694943304,0.26062052419834547,2.6397307976010254,-0.7054951622755627,-0.10314464637411686,0
0.2132215391164699,0.1923062017416222,0.13691892790706867,-1.9873499856131032,0.6870870192374199,1.9593548451251368,0
-0.17833550658150646,-0.05657327114265172,0.28451207236416953,2.4772846393423964,-0.005147931054339684,1.8748182245407599,1
-0.2837722303283117,-0.03866497169443801,0.13932156099377058,-2.1200394412697636,0.6190950277302312,-1.8162285432625505,0
0.11330411333343775,-0.1590321400478316,0.27775196230445603,2.42510442840217,-0.16001625147779172,-2.6436744212214904,1
0.10839290758544781,0.231799833045861,0.20658804228000155,2.2413111546196447,0.6270120100261866,-0.09973257021854262,0
0.19799678419272335,0.14604194347724053,0.2216654426340101,2.901309285896023,0.9574150838717143,0.32162323903170215,1
-0.15642726770834386,-0.23969364843248958,0.13987471734822987,1.927805266039252,0.477208746659424,2.69820514442121,0
0.11671357020263176,0.1381076093926739,0.289383021031977,2.533740913777886,0.37826683629497426,-0.35774347698069264,1
-0.1027484249622492,-0.21197555474365648,0.23576631922632302,-2.271521909556817,-0.1717710999461246,-0.39455358823868714,1
0.2435522635426284,-0.15728790591114492,0.1270896204255081,1.9418677251692473,0.2845760357746367,-1.9259383435558601,1
-0.03278294404986399,-0.2848654526511713,0.13818703116256242,1.9845244809091713,-0.867256498822071,2.8056916320225054,0
0.017097061336608748,-0.08838995630269447,0.33617286055539924,-2.796005202542569,-0.03576255315182555,0.4139486070501242,1
-0.0003466712785907946,0.21126624973475838,0.2629940176202968,2.3586780226230677,0.1480638507127883,0.1688286413962446,1
0.2716855667177024,0.07108666343039911,0.15551606095573317,2.324230483371695,0.9365596393668494,-0.6447629514889796,0
-0.22096455293769823,-0.12900246776953722,0.20663023224911803,2.4013869033293527,0.7525147587168627,2.7612849436881857,0
-0.21996254444901855,0.06602395664687058,0.24302154332665998,-2.5297518487710726,0.8594998859824331,-2.812284987385999,0
-0.17972489983366446,0.17924481303653234,0.20990702729798283,2.3645842189056405,0.5092013898932486,1.3541022046274336,1
0.17196940255028043,0.23328339446593152,0.12749440272014603,1.9842074961033955,0.69211181190258,-0.3264766179726969,1
-0.20483778596835261,0.18482126831011345,0.16782436174163812,-2.4918684181712227,-0.8923110897307042,-1.5387162523570348,0
0.008089099010282942,-0.2740049854689626,0.17188451261483317,-2.0087525290074395,0.36119227453947617,-0.17790164593336272,1
0.02765547366868447,0.18332786668607465,0.28585179259970345,3.1193345060961764,0.6085833574791167,1.3847419432278165,0
0.2226282865720593,0.0788016350336148,0.235005265692677,2.288527653786544,0.38491000288534954,-0.9129512497746255,1
0.16804776065488367,0.18901869543681488,0.21134398939608368,2.8514477632605546,0.9683669047031463,0.48565550961857895,0
-0.04945024022923365,-0.19152160651182232,0.2755529826457672,2.964164806823736,-0.7897031811258979,1.7122081267536475,1
-0.25738541890158284,-0.036656334545751054,0.19969655732356273,2.23162085854773,0.25840812671303487,1.7750317323069598,1
-0.10300272529416041,-0.11904177768185427,0.3053810755485216,2.9174502270744482,-0.6000554394403907,1.1788661207890794,0
0.10178337131465452,0.266818237022837,0.1419139473412404,-1.7773674646055455,0.517887787150471,2.6569137360897854,1
0.14602938620405376,-0.1909289324321595,0.22950365212213147,-2.6848617873099796,-0.826358514752714,1.643413060123261,0
0.024212617903832185,0.19774918501537309,0.2742966985044558,-2.4452138955206832,0.4415793148662372,2.3992968495612566,1
-0.22344100442444442,-0.08561120393125861,0.23095535168443032,-2.5086607563871857,0.4697597593988647,-1.8237296782013024,1
-0.06859368680446115,0.06403601132379048,0.33494612716145283,-3.1329162642958166,0.23190334944200722,2.7112831376287416,1
0.10372616681148103,0.1567695929494275,0.2838037147802995,2.7552855346315788,0.6751296162578255,0.3239625094399092,0
-0.10820545643512954,-0.19559123044020274,0.2500891045823155,2.242787678992127,0.017217947053476682,2.509516231049072,1
0.08863701545054307,-0.06335581012946798,0.32951658414995516,2.964167013608106,0.24846110188893308,-1.2402739084103407,1
0.2784893944535048,0.026689008926962268,0.1583113751155285,-2.066860978381675,0.5510099985350378,1.3652113175201592,1
0.13626316182797774,0.11881632608287825,0.28940557926834015,2.562648303339521,0.29423246122283186,-0.4480537552179396,1
0.0158266005895182,-0.24438684569481633,0.22327604671482404,2.1996670576715456,0.4072078445496841,-2.6855423080219007,1
0.21487030499626356,-0.05310774543158416,0.2525100476667435,-2.4269635038590733,0.47079168955039813,0.8998413077870224,1
-0.25491758070972453,0.031759744300655035,0.20494626709623598,-2.3605582953334023,0.7542779678789487,-2.3116361905664338,0
-0.2228235890707266,-0.007994738661188173,0.25071305963334645,-2.9129777904105367,-0.6401636502288511,-0.2588279059003364,0
-0.14851185684171678,-0.1377842938296651,0.27126842691917424,-2.8945545703371147,0.7091227119949043,-2.028967642780876,0
-0.2450663951247159,-0.016789533123588576,0.22222245369889648,2.212022803948068,0.538018483979784,2.0039723986263365,0
-0.11808254644807553,0.23779539010111142,0.1896777171598903,2.0810082311980223,-0.37111264383915094,0.23083337951800514,1
0.23523166302539783,-0.028983578339082675,0.2339185061296658,-2.252397301984839,0.2356425836508057,1.247425399240353,1
-0.08058505480749834,0.21813591720277775,0.2395330329197931,-2.5936048694163323,0.7743935108650528,2.6537510302203433,0
-0.01500692846493549,-0.1728062023124926,0.2947709307503286,2.478712003590009,-0.23338474040653373,2.6754847832873367,1
0.15278793897305618,0.07380930907755492,0.2974025699095699,2.807265655651845,-0.4129084263895024,-1.7334680231075033,0
-0.021519825497593684,-0.24273048125411478,0.22498231505126148,-2.763974905437544,0.878958417375424,-1.2098476729314662,0
-0.06245084927586783,-0.24677929733440152,0.20874466867224822,2.1375851431042947,0.12193833148125295,2.9677054776819287,1
-0.19981640983152651,-0.18345067232163045,0.1781376337645627,1.9268821203958155,-0.47416880883912543,2.2209456509567715,1
0.12253295603055658,-0.03921820372352027,0.32101219010058224,2.834867775910666,-0.2840425134139065,-2.493529458817722,0
0.0908664387581436,-0.22148793947558082,0.2307937581175688,-2.4012288337555723,0.6534684117042984,-0.21133542467313907,1
-0.027869983216772025,0.057625493759623454,0.34309139616245377,-2.7908492690908764,0.09200222749090689,-3.1367701161518213,1
0.046681762781103385,-0.01337450323580542,0.3460438070401815,-3.126727882569717,-0.11252368745024137,-2.9719860045873054,1
-0.26264142968127474,-0.10983548939752373,0.1446342680205349,1.7629814369588017,-0.08638639543736212,1.9589584019364301,1
0.0554096115965039,0.24112155083355788,0.21967667095492105,-2.270178825684167,-0.6370565249931577,-2.7507159851431706,0
-0.09132651673109018,-0.090360037617577,0.32109874758750906,2.8972896701674262,0.4412542988924844,-2.945945368833703,1
0.04980786861885474,0.2129714096496671,0.25533473864760586,-2.4202816121255357,0.043150123162629235,2.869550519248623,0
-0.01386395856103191,-0.2745139822271774,0.1702075880083904,3.0898700985467857,-1.2214520569499254,1.6222071075438664,0
0.2105151719959789,0.14836870558584958,0.203850867928273,-2.4987928212912496,0.9209088198918658,1.3272255742497325,0
0.24322507380350167,0.06317786190385792,0.21386006602750468,2.101070173491707,-0.0498307218969298,-1.2197185876610368,1
0.2531701085797862,-0.02285054295829012,0.20931964351017923,2.421933571371029,0.5292712752878328,-1.025730116815637,1
-0.0009425672612195142,-0.07683929264533389,0.3399910941265659,-2.9595328901217828,-0.2716873119755948,0.9663334688717135,1
-0.2881869005446702,0.020055214629478273,0.13090796450672773,2.798958563943408,1.3025419346110574,2.805868706675201,0
-0.2552741817893912,-0.01924306948275419,0.20641226418870973,2.2606878607333156,-0.606704266402706,1.1599764577376068,0
-0.1511443755124922,-0.06371465801131979,0.30118881365506567,2.4740686602715956,0.29554847276356855,2.4177929327232275,1
0.05962308707622406,-0.195457949783912,0.2696389704805837,-2.908675779194695,-0.6896525805097437,1.5179999616911157,0
0.23013946863893578,0.12115407369858823,0.1995242970250165,-2.148701144324408,-0.5664627416147255,2.517986670286659,0
0.011971588711809967,0.29136965301003587,0.12043015241021814,-1.8099592008179985,-0.12953314884952144,3.1047692354375394,1
-0.10238917461144545,-0.2654926075274903,0.14502700811159389,-1.8366295630115195,-0.30499033085396354,-0.28134890994809114,1
-0.22847965312159252,-0.07727169456791996,0.22839880416650454,-2.621373953518675,0.8419651267321169,-2.1423038782672807,0
-0.08146076326814274,-0.2705342256460683,0.15087307272931558,-2.025328473233525,0.8346344483236108,-0.7891365763346204,0
0.135259695318405,0.14543224999489815,0.2748427794788921,-2.401600049001417,0.09006775271897231,2.5290093035869807,1
-0.2069735908592388,0.16779446189920028,0.18786570002284925,2.0645329051096755,0.0015550286755740981,0.9021241615152199,1
-0.20985096661091548,0.08546270837321633,0.24661815096775525,-2.4342759306876793,0.5825950298125996,-2.4045243957957307,0
-0.0499176951601962,-0.19425748585180663,0.27309695851900107,2.444163715437469,0.11348951834787509,3.037486035377778,1
-0.07609861674466369,-0.2810004842214289,0.12244120648409493,-2.0101227216830533,0.9458984319219419,-0.5035676470463254,0
-0.28404161499246017,0.025030320189552303,0.14324078519448197,-1.8939036123056285,0.4743370692960474,-1.6678635796383914,0
0.06189020654933349,-0.24551073186235928,0.21091638472725377,2.1327650355138563,-0.08216644654393994,-2.9824890532565718,1
-0.27079265765965893,0.09878191001348845,0.13314728385044117,1.9783220265283128,0.12418684391115885,1.3332632136595703,1
-0.2721988816738511,0.10236705312176368,0.12368008720591207,1.8396361983963754,0.49725637308900594,1.336580921191782,0
0.11396304414057855,0.08944386827935441,0.3127017681658006,-2.63842702100661,-0.3424605400691245,2.7938154066356033,0
-0.059971069219583416,-0.2527674576757026,0.20004027191664853,-2.9468392313464813,0.9208415840491173,-1.508562078481493,0
0.24837101886533106,0.13238237472294115,0.15385925019232588,2.1401572518674183,0.8757695686549458,-0.6241256103563909,0
-0.195773223609734,0.056459999531949925,0.27019335450986093,-2.960533073018445,-0.7999140134242354,-0.5665757438480397,0
0.26065192605583826,0.01143526807735757,0.1980871638170601,2.1791447138407483,-0.4550066497163038,-1.9062822082549618,0
0.1893960671235057,0.2208235143941052,0.12325370467617941,1.9112275492869075,-0.568255155151988,-0.7300044095978727,0
-0.18768978043415893,-0.10072313532418825,0.2612519735553788,-2.8679442113291334,-0.7065705422413999,0.12880236701689524,0
-0.26396367141711236,0.05280256710421553,0.1824200478749482,3.0302889898090815,1.1264104302644928,2.8198898525957605,0
-0.12048628813816654,-0.17907264665520212,0.2583651640524102,2.5668150796721734,-0.5145426072986565,2.001187632668342,0
0.18485328145278554,-0.026221853954415886,0.2848226537439063,3.052619437401745,0.5451997101491006,-0.2749595276003186,0
0.009869425452194705,0.09358287065117776,0.33485933504438375,2.7662505397999775,-0.12892310395063078,-0.36668853114297595,0
-0.18965378117448006,-0.2204268329124231,0.12377977106511727,-1.820785920539498,0.22879510047834423,-0.7442267313762525,1
0.016585855061645532,0.14786434755529648,0.31050152424490834,-2.5945797979538714,0.12494550686212393,2.815270345563968,1
0.045981412714330525,0.14574202329662073,0.308156875426942,2.5658021887116162,0.08264580552867094,-0.1781552119817049,1
0.03565843682188855,-0.03874778971205494,0.3453423177870888,-3.1356071177057783,-0.14735379407199448,2.43531375378742,1
-0.21330052192982327,-0.16049403315924943,0.18691074707539485,-2.1479752181558798,-0.597975053843354,-0.39863954954083436,0
0.13016110509781076,0.2255497616129137,0.19894761413354178,2.129260868752532,0.5198687144334793,-0.2393902272635497,1
0.27343015147269073,-0.024779428751560716,0.17092118166958076,-2.7096332411891346,0.9704290471170545,0.4434626361789602,0
-0.18293648394491185,0.07096157789462684,0.2769332441591091,2.4362128927072573,-0.1895030330105412,1.0379326414975407,0
-0.12719041908619472,0.1894806454106201,0.24472976738920277,-3.079380737781138,0.8542035068169747,2.241555071056718,0
0.08178508636957488,0.24736640071152824,0.1987315146381049,-2.2055436844079925,0.7889208947443991,2.278493599876852,0
-0.13973000618780973,0.10168190156391214,0.29522707082437194,2.9350704196047825,0.5008430102001145,2.2916412538400435,0
-0.08698443626991954,0.2541599502058113,0.18355308891292565,2.1158605287796752,-0.24445858873828494,0.29886823591006284,1
0.09517695695072063,0.22943929763302717,0.2182229341298737,2.6672363835287745,-0.8876018628431468,-1.3573832413671731,0
0.2687814666313047,0.03912758988660689,0.17737957020335066,-2.0304804107791714,0.17593419201638838,1.7296288145047676,1
-0.06441728452070958,0.10110190105671875,0.32500694365360194,2.8772863346930193,0.31647095696582117,1.4104607925068602,0
-0.08100876996450813,-0.24958824611651267,0.19540731270923228,-2.2086990418734826,0.6095318741132265,-0.713719223185609,0
0.232208954710024,0.07028130669249584,0.22646398862678285,-2.167222497850437,0.1756362916494366,1.6462682711597614,1
-0.2576416283741803,-0.057480821011284815,0.1925368252227101,-2.1930512811298115,-0.5657814482855295,-1.1667275495889948,1
0.07795205638565017,-0.23110128428740465,0.2246873587468784,-2.227861030732596,-0.2835743414599498,0.5354151554560683,0
0.1498306961976285,-0.23854590696249905,0.1531824246098758,-2.52421649379043,-1.3067265026847632,1.4635930221219204,0
0.14570934212317227,-0.25264216196684464,0.12029029530988582,1.8839069239964548,-0.3656931236701516,-2.7218594916952292,1
0.09734649979110599,-0.03649892287006796,0.33140982144862147,2.9159995406017862,0.38960725130748647,-0.6855774660340662,1
0.2422954226140415,0.06891167231593594,0.21292363118622193,3.1151954621570286,1.058738876754331,0.22894430798341997,0
0.21518869773804034,-0.15702425112140944,0.18797539246389855,-3.05395681134176,-1.0825434125236126,2.248639589583875,0
0.21849993043947533,-0.09604564733528281,0.2317498666461435,-2.209539987784402,0.24226817293908184,1.062162244053861,1
-0.025186366631212775,-0.16453262701904836,0.2995889852980873,-2.99290703363716,-0.5740420051539729,1.1779066795801731,0
0.08875937101906373,0.1454146976652037,0.29693387730167276,-3.071817040661523,-0.745478689077479,-2.0938416085255143,0
0.11740570313182203,0.13032728824657996,0.29337357870240416,-2.489817554889044,-0.23037277573006978,2.744416306051035,0
0.026054093090923193,-0.2624206464610557,0.1930265309100767,-2.4737639206004727,0.8559693483610293,-0.537868534225461,0
-0.2241385297701379,-0.03294935021743622,0.2466628073447792,2.2840866625794742,0.26682086795464405,2.028659440615171,1
0.027166617002141086,-0.2893819570960757,0.12429709165171923,2.0633807901974968,1.0815926682126986,-2.482049854203568,0
-0.11529767120459455,-0.020743447302120757,0.3261813831684195,2.899865506349231,0.30343837327092593,2.818477062965112,0
-0.1991128699709716,-0.17245593780576374,0.1935723320401863,-2.3264547220476897,-0.8008334401793318,-0.32366132248725654,0
0.022730205153485894,-0.1299914999729599,0.3194170516289947,-2.713837420074494,0.19193602362710324,-0.16250808714682966,1
0.15264765367829503,-0.11284518502711162,0.2823029445416227,2.7308174191485497,-0.47519445236617397,3.122253009112367,1
0.13665234650611827,-0.008689738803135373,0.3169281263447242,3.071974431198896,0.46393070837645656,-0.37132834901218603,0
-0.010034430593698107,-0.15033815812758214,0.3094180957710282,-2.932246951160902,0.5362731953352622,-1.2698091076423998,1
0.25326462641216574,-0.037985035930940075,0.2062503313712688,-3.074894158053192,-1.0519442278565234,2.982322177470891,0
-0.09507251730241881,0.22921161100329687,0.2185919744087914,-2.677767402045982,1.0881884413672633,2.4844159576893783,0
0.046519144120440746,0.19104268485558826,0.27658036497779337,-2.6674994313420872,-0.49112635046285485,-2.629640536408608,0
-0.07030758029703975,-0.1544170690638176,0.2974110202366004,-2.676993243598023,0.44128134761074295,-0.8744554966299524,1
-0.0254977871844231,-0.05674430800016417,0.3434790390441545,-3.112282127693343,0.18567657611344715,-2.2622200133563553,1
0.2809078326520686,-0.02193917085490846,0.15300224432951232,2.043184999506443,-0.23278658617841402,-1.9025145700065016,0
0.07316568730545271,0.05525551387567783,0.33564595286377763,-2.7874228245032717,0.0004415204695104956,2.054184187250798,1
-0.14629968349508224,-0.0900214707280272,0.29595230720040355,2.459744679680866,0.25057141580332665,2.5660699318327787,1
0.1228657994464051,0.07575084131198727,0.3129939264829549,-2.650112010728905,-0.19210250906541992,2.5600654616668894,0
-0.006800371555765247,-0.06071448803583499,0.34371330560471713,-3.0802467461545073,0.09546442182375359,-0.830416268960162,1
-0.008484812096578698,0.23523087336741233,0.2359958176370915,2.251625595264083,-0.03265672150278333,-0.13862554322851814,1
-0.1943707860950038,-0.03705646817580207,0.2754923849693067,2.759419536881724,0.5349971426702933,2.6223892229491668,0
0.19193985341831732,0.08472826343222485,0.26442997468990753,-2.4546279405290825,0.5517908372889884,1.3175661959622134,0
-0.2306485834518547,0.054152806513705604,0.23403451985522167,2.104408196403264,0.2055985450386386,1.4267800947434064,1
0.15917596211027982,0.13719092597202576,0.2641066624773851,2.338651972590574,0.16620575483935832,-0.7299023334202476,1
0.016230705097183842,-0.1347603742221809,0.3175372978699344,-3.044703699395256,0.596986485789429,-1.138355799113648,1
-0.24906662968100998,-0.08086612079031177,0.19637788250849003,2.017919260637425,-0.0081098919440479,1.8721868535159136,1
-0.051768908971833436,0.15046923060863343,0.3043206454535532,-2.8110176323547593,-0.35765938560270016,-2.099972403719946,0
-0.10324135861532807,0.1752499591164043,0.2705191005354408,2.464438385986212,-0.47647032800011496,-0.13152358331675665,0
-0.07793741102894702,0.2631928118723858,0.17105909193782962,3.0972237440852934,1.107815923082041,1.7260197395416632,0
0.19183938947944634,-0.21896436029049016,0.12247246074702928,1.9525411389111451,-0.7319046059319597,-2.7667532242171617,0
0.11944980319646205,0.00013584222115035853,0.3251939789734096,-2.977688685987042,0.513275276961224,0.4070802142732683,1
-0.23251338711239108,0.17370033463312096,0.1259323288320933,-2.0340573859852364,-0.7938625621967718,-1.901930923587558,0
0.10381581641911826,-0.23357653910246154,0.20704864419073538,2.1768619145683257,-0.4376317727831908,-2.872464009494735,1
0.07273629556336318,0.24903714695534548,0.2006317720272211,2.1877707060520617,0.824633830828853,0.0694060897998586,0
-0.2133108479466285,0.18648650724905816,0.14859647439101115,2.3918183369645787,-1.1069678126836549,0.08707872966992691,0
-0.27761793472719387,-0.026228057055910078,0.16063621170701498,2.6668065918896406,0.9725622430613589,2.586475199391823,0
0.17194965781562518,0.07846669702512288,0.28297272938062296,2.8706474526094476,-0.6176616992190279,-2.4467821509725654,0
0.19263859303553954,-0.20989843817383597,0.14398413762690024,2.693986655910829,1.2111879510180963,-1.2079599086796802,0
0.28995680424877535,0.013141034686908352,0.1258443463759485,-2.072178482883002,0.8928029029830815,1.203202727869142,0
0.24033607350468728,0.1413266439724549,0.1607490472908571,2.1427735223201827,0.931872862256902,-0.5237759002042734,0
-0.17899794361391647,-0.05014692112046581,0.28546766759817993,-2.8459451791549113,-0.7180469123445892,-0.36755080719905203,1
-0.014213931068253605,-0.2854061792242565,0.14133059194048028,1.9306304006100383,-0.33861841667001563,2.888137989575689,0
0.04779387576471913,0.14106126896988364,0.3104178638956873,2.947720284097962,0.5640478760404365,0.7444424582066812,1
0.007795533885348819,-0.024617621737297455,0.34888660450318226,-3.09938831918257,0.18839985245764185,-0.5512072125323335,1
0.011886755902537339,-0.12979193408697726,0.3202087320574138,-2.6833746734872275,-0.12651409904478966,0.344131947882404,0
-0.138269057547718,-0.2547170038984301,0.12746557719318286,-1.8617467364779592,0.26685781141449677,-0.7077510742489496,1
0.26663205342402196,-0.07158671462240558,0.16739970347688166,2.114487007855562,0.1589719464209516,-1.6213918718486409,0
0.027406748769936234,0.1540991079301358,0.3059342397120752,2.5927903638043786,0.22107698840857054,0.27243274418920194,1
0.18534370601957692,-0.1252425288771174,0.24990502644854395,2.2866832922780977,-0.27927364464314397,-2.5437978237950456,0
0.06562249602899392,-0.1824705595199128,0.2789064938428236,-2.542958514373719,-0.006335391060858466,0.3822977620244641,1
-0.054966218957630396,0.13588116816116283,0.3117537447920461,-2.948474180889369,-0.4406715201892835,-1.2960389365000529,0
-0.17998437516786286,-0.15146259254878236,0.23618460665112873,-2.935545248970448,0.8902840038754923,-2.3818738297945132,0
0.04191801827395629,-0.2852870706248665,0.13278989719927597,1.987918664881588,0.6338824048272342,-2.568855735198368,0
0.05365049028015835,0.04579350363524587,0.34158974590596863,2.9072290209091105,-0.19151801914093977,-1.346612555525829,1
-0.24217834347219272,-0.002312905736140228,0.2270432162499325,-2.2865711130684447,-0.537519069818623,-1.2264646265149435,0
-0.28293058733062154,-0.02607074462420443,0.14628394999941083,-2.1201563862595814,0.9181145332410586,-1.9780448139506281,0
-0.15150073011138007,0.24680471343440694,0.12832599952939666,1.8370611594306803,0.1338079038225805,0.5889439008328815,1
0.17665277085435452,0.16872896336359494,0.2241388396416077,2.1490613615628944,0.5111899992774419,-0.5215372956906674,1
-0.07135186104490335,0.17406043643897354,0.28369184066223374,-2.554370506653515,-0.09461136489535374,-2.776754092108401,0
-0.19669887225889487,-0.16738731270714632,0.20261402686764718,2.124099844219357,0.23943235623408432,2.4351266728734577,1
0.05173349811026884,-0.27126378084174313,0.1672160670587336,-2.8087327091335395,-1.2693278854733148,1.4018872828604925,0
-0.10211032380230771,0.12331996606098251,0.3037038977700303,2.528971901765633,0.18974059347761615,1.1547351149306326,1
-0.008297480330474411,0.07525378301182407,0.3402895450452439,-2.9067021239024817,0.09978870241915755,2.8532717159232304,1
0.07313030581181025,-0.2117653567850576,0.24951789904058325,-2.7000863910015234,-0.7982918039027329,1.1674637919499853,0
0.2437466604527937,0.114028452703261,0.18260873837048092,2.051107870399699,0.5077280951103164,-1.045673550326015,0
0.20883259725441336,-0.08859897571349498,0.24631395219519037,2.8383806543165107,0.8317930802428403,-0.9807141501915506,0
-0.17910922930410572,-0.2301016216874786,0.12052040608846326,-1.821102207767475,0.06143244620226129,-0.6789536161442553,1
0.22555166122613082,-0.0027649540538050104,0.24778473941943313,-2.345618842103404,0.35283123904241465,1.279959294879084,1
-0.09177565721209179,0.04252425456795672,0.3324339153089236,2.9393913108428706,-0.2737997544400925,0.22035551120544122,1
0.07093386905089458,-0.23537321806946598,0.22195300066324564,-2.7978430028699433,-0.9385571547491643,1.4131813017853965,0
-0.1638290379059697,0.09918576058739481,0.2809160696779337,-3.06684203409593,-0.5735170423383877,-0.7529898932658939,0
0.2338043968020391,-0.020541755966250023,0.23685165318470602,2.6649793375298882,0.805487706913469,-0.6956826896184134,0
-0.2579151647832522,0.04221058112300701,0.19730252752782584,-2.160765287726392,0.5274205005708187,-2.1003081505560344,1
0.04458540179052793,-0.2714564524396352,0.1696809775029652,2.046000303434667,-0.30433068502227345,-3.0393053194425486,1
-0.009914433141122865,0.07872976575113387,0.33931527439846965,2.8861016295634063,-0.0045777315087400135,-0.4701360975735852,0
0.06397512466628565,0.03113615321600162,0.3414407716618299,-2.9454009746674306,-0.20410524566375685,3.0041559717621693,1
0.25541077262596545,0.07154604166590221,0.19016597714334377,2.079097589902123,0.721651375269184,-0.9292401180926484,0
0.011779728409633861,0.013019798805854273,0.34948576399830816,3.081146470003506,0.011179768446284688,0.4036361633407342,1
0.006010143192773166,0.24699407636664017,0.22016992806777785,-2.222126009979148,-0.4491192033598628,-2.8501529131954983,1
0.028496226372898423,-0.05092447711731039,0.34426971083146335,-2.9685881083962897,0.11203963648135686,-0.138413084558802,1
0.07050493798214727,0.2650579958694645,0.17154551635414816,2.124001750670018,0.9061097958847462,0.2452730398626083,0
-0.22137113027358632,-0.1512232073825818,0.1846341867072383,-2.3226298309855835,0.8330574607536528,-1.6277499337956627,0
0.08857929904241657,0.14323272006597823,0.29827020699966245,3.126522203449479,0.5302917125677948,1.0407593849139556,0
0.016650461086919633,-0.16996085137128425,0.29664969318193196,-2.7909418676030784,-0.4658230060726949,0.925890353253066,0
-0.17355482053921534,-0.1467285771951112,0.24583015319888568,-2.9447748674450684,-0.8765346914712101,0.4131642773888642,1
-0.03331968445049186,0.25208725953660943,0.20919111849422312,2.5010784414427185,-0.8763674548118903,-0.6535947939193089,0
0.16468442656411064,0.23949909398246422,0.12429147749795272,-2.091545006627939,0.865818253031015,2.093205369232704,0
0.2300272637736587,-0.03399054080647147,0.23955764573471372,2.2811955133983446,-0.13062453905457008,-1.76354875035775,1
0.059210713070353596,0.17787701872695727,0.28420900423875667,2.509774787729324,0.46604200607348567,0.19753185813460997,1
-0.005496132738455059,-0.2228751051933703,0.250739831647746,2.6712123737835163,0.5890294499336449,-2.4975716084414374,1
0.07902760880804592,0.26846383975001303,0.1580823935373463,2.11611900923595,0.8729179050753723,0.16318458957920526,0
-0.06569970155411876,-0.1575409475123248,0.29670711192144145,-2.519759539671791,0.009294012907605507,-0.4478733976413688,1
-0.10819023663873767,0.10644563163368843,0.3087744195282042,3.067633667973316,-0.4343843095371461,-0.6388241831212887,0
-0.15712102752710688,-0.20647135792260432,0.20060730748015504,-3.06039518625676,1.1304067062871836,-2.1762842375131966,0
-0.1976778115302827,0.19674885827476157,0.16051411491830264,-1.9385023067411167,-0.13417503486254076,-2.3023017431728845,1
0.10277047299414538,-0.0007841385986647895,0.3318467935017493,-3.127279296657455,-0.27250203109228105,-3.0272178086756583,0
0.2238264508937336,-0.01752714276204615,0.24898371578326178,2.446524055247605,-0.7833878001165533,-2.300141967621578,0
0.23888533884729943,-0.08716833173326258,0.20917121858756632,2.1075133018857337,-0.26820885719354265,-1.9106409677114795,0
-0.052836867994952186,-0.1722973286388493,0.28983722797847783,2.6317280992828054,0.4582710600326812,-2.8502643701636883,1
0.21928620917864594,-0.11452426312378473,0.21969900300241385,-2.1515486839812006,-0.4939752093246766,1.395743946403169,1
0.16713129349936853,-0.21834090627929115,0.1699765784574877,-2.9076298171303763,1.163227683458397,-0.6755329640986946,0
-0.07414250191452401,-0.26038355828237925,0.1792412162820422,-2.343116280664253,-0.7413617705869732,0.19991447819296898,0
-0.19112348485872507,0.19895675469085874,0.16784745775084894,2.2786986628710793,0.921686853713236,1.36393000902166,0
0.12792011526676317,0.2594183361489919,0.1296151429052705,1.9222727301633562,-0.9684487176109509,-0.7494967111381923,0
0.27199142641398544,-0.058952102774140924,0.16200586384557134,2.6854949868539846,1.1984474805769483,-0.6534711904602182,0
-0.15341704516174837,-0.24117044733569562,0.1411044762113175,-1.9004065432885513,-0.2893614486508113,-0.46378358041156037,1
